Date;Open;High;Low;Close;Adj Close;Volume;Rendimento;Rend %
02/01/20;67077499;68406998;67077499;68368500;68368500;28132000;0.0;0.0
03/01/20;67392998;68625000;67277199;68032997;68032997;23728000;-0,00491;-0,49073
06/01/20;67500000;69824997;67500000;69710503;69710503;34646000;0,02466;2,46572
07/01/20;69897003;70149498;69518997;69667000;69667000;30054000;-0,00062;-0,06241
08/01/20;69603996;70579002;69542000;70216003;70216003;30560000;0,00788;0,78804
09/01/20;71028503;71366501;70513496;70991501;70991501;30018000;0,01104;1,10445
10/01/20;71377998;71746452;70917503;71486504;71486504;36414000;0,00697;0,69727
13/01/20;71806503;72026001;71301003;71961502;71961502;33046000;0,00664;0,66446
14/01/20;71950500;72089996;71418503;71543999;71543999;31178000;-0,00580;-0,58018
15/01/20;71510498;72069748;71510498;71959999;71959999;25654000;0,00581;0,58146
16/01/20;72372002;72599503;72045998;72584999;72584999;23474000;0,00869;0,86854
17/01/20;73145500;74064751;72911003;74019501;74019501;47924000;0,01976;1,97631
21/01/20;73956001;74592499;73559998;74220001;74220001;40734000;0,00271;0,27087
22/01/20;74550003;75160698;74246498;74297501;74297501;32216000;0,00104;0,10442
23/01/20;74382004;74776001;74105003;74332497;74332497;27024000;0,00047;0,04710
24/01/20;74679497;74774750;73262497;73335503;73335503;35692000;-0,01341;-1,34126
27/01/20;71550003;71903503;71059998;71695000;71695000;35104000;-0,02237;-2,23698
28/01/20;72150002;72800003;71623497;72627998;72627998;31548000;0,01301;1,30134
29/01/20;72940002;73271500;72336998;72931503;72931503;21554000;0,00418;0,41789
30/01/20;71998001;72863998;71820000;72792000;72792000;26788000;-0,00191;-0,19128
31/01/20;73445000;73506500;71426498;71711502;71711502;48344000;-0,01484;-1,48436
03/02/20;73099998;74500000;72949501;74296997;74296997;60736000;0,03605;3,60541
04/02/20;72853500;73474998;71315002;72353500;72353500;78660000;-0,02616;-2,61585
05/02/20;73121002;73192001;71528000;72411499;72411499;39724000;0,00080;0,08016
06/02/20;72516502;74099998;72478500;73811501;73811501;33588000;0,01933;1,93340
07/02/20;73364998;74292000;73317497;73961502;73961502;23446000;0,00203;0,20322
10/02/20;73716003;75474998;73716003;75433998;75433998;28398000;0,01991;1,99090
11/02/20;75590500;76481499;75281898;75439499;75439499;26892000;0,00007;0,00729
12/02/20;75723999;76034752;75405502;75913498;75913498;23352000;0,00628;0,62832
13/02/20;75634499;76359001;75230003;75733002;75733002;18590000;-0,00238;-0,23777
14/02/20;75779999;76037003;75366997;76037003;76037003;23956000;0,00401;0,40141
18/02/20;75750000;76581497;75629501;75983498;75983498;22414000;-0,00070;-0,07037
19/02/20;76253502;76605301;76070000;76334503;76334503;18986000;0,00462;0,46195
20/02/20;76099998;76482002;75341003;75907501;75907501;21932000;-0,00559;-0,55938
21/02/20;75401497;75610748;74022003;74255501;74255501;34634000;-0,02176;-2,17633
24/02/20;71305496;71848503;70569504;71079498;71079498;57342000;-0,04277;-4,27713
25/02/20;71650002;71906998;69120003;69422501;69422501;49566000;-0,02331;-2,33119
26/02/20;69806999;70785004;68949997;69658997;69658997;44048000;0,00341;0,34066
27/02/20;68102997;68585197;65858498;65904503;65904503;59566000;-0,05390;-5,38982
28/02/20;63875000;67056999;63549999;66966499;66966499;75782000;0,01611;1,61142
02/03/20;67580498;69543503;66340752;69455498;69455498;48630000;0,03717;3,71678
03/03/20;69971001;70507500;66599998;67069504;67069504;48046000;-0,03435;-3,43528
04/03/20;67961502;69404503;67155502;69325996;69325996;38266000;0,03364;3,36441
05/03/20;67510002;67945503;65254997;65952003;65952003;51226000;-0,04867;-4,86685
06/03/20;63853001;65310997;63052502;64920502;64920502;53212000;-0,01564;-1,56402
09/03/20;60264999;62737999;60000000;60778000;60778000;67308000;-0,06381;-6,38088
10/03/20;63000000;64057503;60938499;64019501;64019501;52228000;0,05333;5,33335
11/03/20;62485001;63048000;59803501;60770500;60770500;52170000;-0,05075;-5,07502
12/03/20;56299999;59693501;55665001;55745499;55745499;84534000;-0,08269;-8,26882
13/03/20;58950001;60987999;55857151;60986500;60986500;74002000;0,09402;9,40166
16/03/20;54799999;57613350;53722000;54216499;54216499;85048000;-0,11101;-11,10082
17/03/20;54655499;56542999;52800499;55990002;55990002;77230000;0,03271;3,27115
18/03/20;52825500;55325001;51863998;54840000;54840000;84668000;-0,02054;-2,05394
19/03/20;54652500;57898499;53005402;55764500;55764500;73022000;0,01686;1,68581
20/03/20;56785999;57199501;53274502;53616001;53616001;72036000;-0,03853;-3,85281
23/03/20;53066002;53566002;50676800;52831001;52831001;80882000;-0,01464;-1,46412
24/03/20;55188499;56750000;54530998;56723000;56723000;66890000;0,07367;7,36688
25/03/20;56323502;57445000;54300499;55124500;55124500;81630000;-0,02818;-2,81808
26/03/20;55590000;58498501;54676498;58087502;58087502;71434000;0,05375;5,37511
27/03/20;56283501;57533501;55295502;55535500;55535500;64170000;-0,04393;-4,39338
30/03/20;56251999;57581501;54824001;57341000;57341000;51482000;0,03251;3,25107
31/03/20;57365002;58765499;56907001;58140499;58140499;49728000;0,01394;1,39429
01/04/20;56099998;56484501;54872501;55280998;55280998;46884000;-0,04918;-4,91826
02/04/20;54912998;56342999;54820000;56042000;56042000;39298000;0,01377;1,37661
03/04/20;55950748;56176998;53990501;54894001;54894001;46268000;-0,02048;-2,04846
06/04/20;56900002;59733002;56547001;59346001;59346001;53294000;0,08110;8,11018
07/04/20;61049999;61250000;59111500;59325500;59325500;47746000;-0,00035;-0,03454
08/04/20;60325001;60953499;59408001;60514000;60514000;39502000;0,02003;2,00335
09/04/20;61203999;61278500;59836750;60572498;60572498;43508000;0,00097;0,09667
13/04/20;60459000;61025501;59379902;60877998;60877998;34796000;0,00504;0,50435
14/04/20;62254501;64103500;61846500;63461498;63461498;49408000;0,04244;4,24373
15/04/20;62280499;64023003;62020000;63123501;63123501;33434000;-0,00533;-0,53260
16/04/20;63705002;63950001;62131001;63173500;63173500;50362000;0,00079;0,07921
17/04/20;64242500;64721497;63561501;64162498;64162498;38980000;0,01566;1,56553
20/04/20;63549999;64080002;63068501;63330502;63330502;33910000;-0,01297;-1,29670
21/04/20;62349998;62713501;60485500;60817001;60817001;43060000;-0,03969;-3,96886
22/04/20;62277000;64280647;62099998;63160500;63160500;41848000;0,03853;3,85336
23/04/20;63577499;64665497;63283501;63815498;63815498;31324000;0,01037;1,03704
24/04/20;63058498;64019997;62472500;63965500;63965500;32792000;0,00235;0,23506
27/04/20;64800003;64807503;63450001;63793999;63793999;32012000;-0,00268;-0,26811
28/04/20;64396500;64402496;61610001;61683498;61683498;59026000;-0,03308;-3,30831
29/04/20;67072998;67999496;66266998;67073997;67073997;75872000;0,08739;8,73896
30/04/20;66244003;67640999;66124496;67432999;67432999;53378000;0,00535;0,53523
01/05/20;66425003;67603500;65550003;66030502;66030502;41450000;-0,02080;-2,07984
04/05/20;65411499;66383003;64949997;66339996;66339996;30080000;0,00469;0,46871
05/05/20;66896004;68696999;66873001;67555496;67555496;33030000;0,01832;1,83223
06/05/20;68084503;68556000;67364502;67364998;67364998;24308000;-0,00282;-0,28199
07/05/20;68296997;68879997;67763496;68627998;68627998;27952000;0,01875;1,87486
08/05/20;69156502;69938004;68774002;69418503;69418503;27738000;0,01152;1,15187
11/05/20;68914001;70826500;68857597;70163002;70163002;28242000;0,01072;1,07248
12/05/20;70356003;70750000;68738503;68787003;68787003;27812000;-0,01961;-1,96115
13/05/20;68852501;69274101;66419998;67466499;67466499;36252000;-0,01920;-1,91970
14/05/20;66750999;67871002;66195503;67806503;67806503;32062000;0,00504;0,50396
15/05/20;67500000;68723999;66949997;68659500;68659500;34154000;0,01258;1,25799
18/05/20;68087502;69616249;67712502;69196999;69196999;36448000;0,00783;0,78285
19/05/20;69349854;69599998;68674248;68674248;68674248;25612000;-0,00755;-0,75545
20/05/20;69478996;70521004;69362503;70335999;70335999;33108000;0,02420;2,41976
21/05/20;70400002;70774498;69672501;70139999;70139999;27700000;-0,00279;-0,27866
22/05/20;69835503;70638000;69591499;70521004;70521004;26188000;0,00543;0,54321
26/05/20;71863503;72050003;70606499;70850998;70850998;41212000;0,00468;0,46794
27/05/20;70862503;71086998;69564499;70891998;70891998;33716000;0,00058;0,05787
28/05/20;69843002;72042000;69800003;70836502;70836502;33844000;-0,00078;-0,07828
29/05/20;70847000;71628502;70667503;71445999;71445999;36418000;0,00860;0,86043
01/06/20;70919502;71898003;70900002;71591003;71591003;24342000;0,00203;0,20296
02/06/20;71527496;71980499;70941498;71960999;71960999;25562000;0,00517;0,51682
03/06/20;71915001;72327599;71488853;71819000;71819000;25124000;-0,00197;-0,19733
04/06/20;71519997;71947998;70236504;70609001;70609001;29686000;-0,01685;-1,68479
05/06/20;70658501;72252502;70300003;71919502;71919502;34698000;0,01856;1,85600
08/06/20;71116997;72399498;71116997;72330498;72330498;28084000;0,00571;0,57147
09/06/20;72267998;73400002;72160500;72807999;72807999;28184000;0,00660;0,66017
10/06/20;72976997;73712952;72813499;73292503;73292503;30504000;0,00665;0,66545
11/06/20;72124001;72723747;70099998;70192001;70192001;39826000;-0,04230;-4,23031
12/06/20;71424500;71849998;69301003;70658997;70658997;38928000;0,00665;0,66531
15/06/20;69540001;71239998;69396004;70992500;70992500;30078000;0,00472;0,47199
16/06/20;72261002;72750999;71294998;72136002;72136002;34184000;0,01611;1,61074
17/06/20;72358002;73000000;71569000;72556000;72556000;30992000;0,00582;0,58223
18/06/20;72458000;72570503;71350502;71797997;71797997;31638000;-0,01045;-1,04471
19/06/20;72199997;72389999;71067497;71585999;71585999;63158000;-0,00295;-0,29527
22/06/20;71449997;72637497;71160500;72593002;72593002;30848000;0,01407;1,40670
23/06/20;72781998;73797050;72262001;73220497;73220497;28596000;0,00864;0,86440
24/06/20;73075500;73771004;71487503;71598503;71598503;35120000;-0,02215;-2,21522
25/06/20;71495003;72144997;71000000;72066498;72066498;24610000;0,00654;0,65364
26/06/20;71569504;71672501;67599503;67995003;67995003;85354000;-0,05650;-5,64964
29/06/20;67908997;69779999;67350502;69748497;69748497;36204000;0,02579;2,57886
30/06/20;69522003;70932503;69197998;70680496;70680496;40848000;0,01336;1,33623
01/07/20;70555000;72150002;70490997;71902000;71902000;35504000;0,01728;1,72821
02/07/20;72347000;74147499;72320999;73235001;73235001;37182000;0,01854;1,85391
06/07/20;74002998;75329498;73642998;74785004;74785004;31280000;0,02116;2,11648
07/07/20;74500000;75839996;74177498;74259003;74259003;29164000;-0,00703;-0,70335
08/07/20;74716003;75293999;74281502;74800003;74800003;24994000;0,00729;0,72853
09/07/20;75322502;76136002;74404251;75549500;75549500;28466000;0,01002;1,00200
10/07/20;75307503;77191498;74827003;77086998;77086998;37126000;0,02035;2,03509
13/07/20;77500000;78856598;75262154;75567001;75567001;36928000;-0,01972;-1,97179
14/07/20;74515503;76147499;74175003;76028999;76028999;31700000;0,00611;0,61138
15/07/20;76156502;76766502;74900002;75681999;75681999;32214000;-0,00456;-0,45640
16/07/20;75000000;75934502;74315498;75900002;75900002;30386000;0,00288;0,28805
17/07/20;76081001;76171997;74920998;75777496;75777496;29134000;-0,00161;-0,16140
20/07/20;75763000;78514503;75180000;78286003;78286003;31146000;0,03310;3,31036
21/07/20;79349503;79349503;77713997;77920998;77920998;24324000;-0,00466;-0,46625
22/07/20;78025002;78500000;77305000;78424500;78424500;18640000;0,00646;0,64617
23/07/20;78348503;78593498;75369598;75783997;75783997;32552000;-0,03367;-3,36694
24/07/20;74946503;75881798;74419998;75593498;75593498;30880000;-0,00251;-0,25137
27/07/20;75779999;77048500;75760498;76510002;76510002;24920000;0,01212;1,21241
28/07/20;76259003;76323997;74883003;75016998;75016998;34044000;-0,01951;-1,95138
29/07/20;75316002;76562599;75066498;76100998;76100998;22130000;0,01445;1,44501
30/07/20;74849998;76893501;74611000;76572502;76572502;33428000;0,00620;0,61958
31/07/20;75250504;75447502;72701500;74148003;74148003;68798000;-0,03166;-3,16628
03/08/20;74332001;74523499;73281998;73722504;73722504;46604000;-0,00574;-0,57385
04/08/20;73828499;74278000;72932503;73248497;73248497;38070000;-0,00643;-0,64296
05/08/20;73464996;74120499;73172997;73680496;73680496;39590000;0,00590;0,58977
06/08/20;73587502;75119499;73300003;75004997;75004997;39908000;0,01798;1,79763
07/08/20;75000000;75842247;74082001;74724503;74724503;31556000;-0,00374;-0,37397
10/08/20;74359001;75203751;73653999;74805000;74805000;25786000;0,00108;0,10773
11/08/20;74622002;75500000;73900002;74015999;74015999;29088000;-0,01055;-1,05474
12/08/20;74278999;75619301;74262497;75331001;75331001;28740000;0,01777;1,77665
13/08/20;75516998;76862503;75400253;75922501;75922501;29104000;0,00785;0,78520
14/08/20;75782997;76095001;75143997;75386497;75386497;27096000;-0,00706;-0,70599
17/08/20;75733498;76280502;75398499;75899002;75899002;27566000;0,00680;0,67984
18/08/20;76308998;78123497;76185501;77930000;77930000;40542000;0,02676;2,67592
19/08/20;77665497;78683998;77197502;77376503;77376503;33212000;-0,00710;-0,71025
20/08/20;77172501;79293503;76910004;79087502;79087502;34138000;0,02211;2,21126
21/08/20;78851501;79886002;78400253;79021004;79021004;28930000;-0,00084;-0,08408
24/08/20;79698997;80708504;79028503;79410004;79410004;28198000;0,00492;0,49227
25/08/20;79103500;80581001;79103500;80411003;80411003;44942000;0,01261;1,26055
26/08/20;80400002;82960999;80180000;82619003;82619003;79868000;0,02746;2,74589
27/08/20;82683998;82750000;81287498;81716499;81716499;37232000;-0,01092;-1,09237
28/08/20;81674500;82358498;81537498;82220497;82220497;29980000;0,00617;0,61676
31/08/20;82394501;82398247;81515503;81709000;81709000;36468000;-0,00622;-0,62210
01/09/20;81831497;83286499;81611000;83035500;83035500;36506000;0,01623;1,62344
02/09/20;83688751;86658997;83316498;86414001;86414001;50224000;0,04069;4,06874
03/09/20;85485703;85485703;80752998;82092003;82092003;62156000;-0,05002;-5,00150
04/09/20;81212997;82255501;77380653;79552002;79552002;52172000;-0,03094;-3,09409
08/09/20;76675499;78193253;76400497;76619499;76619499;52218000;-0,03686;-3,68627
09/09/20;77876503;78449997;76802551;77848000;77848000;35494000;0,01603;1,60338
10/09/20;78031998;79204048;76290253;76600998;76600998;32372000;-0,01602;-1,60184
11/09/20;76800003;78760002;74867996;76036003;76036003;31942000;-0,00738;-0,73758
14/09/20;76950249;78199997;75787003;75963997;75963997;33932000;-0,00095;-0,09470
15/09/20;76800003;77978500;76591751;77071999;77071999;26622000;0,01459;1,45859
16/09/20;77777000;78099998;75990997;76044998;76044998;26234000;-0,01333;-1,33252
17/09/20;74800003;75414902;73500000;74776497;74776497;37596000;-0,01668;-1,66809
18/09/20;74900497;75150146;71856499;72999496;72999496;62078000;-0,02376;-2,37642
21/09/20;72002998;72417999;70327499;71557999;71557999;57776000;-0,01975;-1,97467
22/09/20;72504501;73475998;71726501;73273003;73273003;31664000;0,02397;2,39666
23/09/20;72939003;73047997;70385002;70760498;70760498;33148000;-0,03429;-3,42896
24/09/20;70551498;72185448;70492500;71414497;71414497;29004000;0,00924;0,92424
25/09/20;71631500;72500000;70667000;72248001;72248001;26460000;0,01167;1,16714
28/09/20;73710503;73839996;72465050;73225998;73225998;40158000;0,01354;1,35367
29/09/20;73519501;73833153;72940247;73466499;73466499;19564000;0,00328;0,32844
30/09/20;73339996;74487503;72994003;73480003;73480003;34032000;0,00018;0,01838
01/10/20;74213501;74952003;73960503;74504501;74504501;35590000;0,01394;1,39425
02/10/20;73101501;74160004;72545998;72920998;72920998;25682000;-0,02125;-2,12538
05/10/20;73310501;74410500;73213501;74301003;74301003;22266000;0,01892;1,89247
06/10/20;73778999;74337997;72429497;72671997;72671997;24908000;-0,02192;-2,19244
07/10/20;73214500;73447998;71800003;73014503;73014503;34924000;0,00471;0,47130
08/10/20;73254501;74500000;73254501;74296501;74296501;23756000;0,01756;1,75581
09/10/20;74735001;75825996;74472504;75761002;75761002;28706000;0,01971;1,97116
12/10/20;77150002;79693001;76628502;78457497;78457497;49652000;0,03559;3,55921
13/10/20;79186501;79500000;78160004;78584000;78584000;32020000;0,00161;0,16124
14/10/20;78929497;79384201;77526497;78403999;78403999;38586000;-0,00229;-0,22906
15/10/20;77357498;78755249;77251503;77956497;77956497;30800000;-0,00571;-0,57076
16/10/20;78292503;79056503;78150002;78650497;78650497;28694000;0,00890;0,89024
19/10/20;79023003;79407501;76400002;76730499;76730499;32142000;-0,02441;-2,44118
20/10/20;76352501;78875000;76283501;77796501;77796501;44834000;0,01389;1,38928
21/10/20;78666496;80936501;78581497;79665497;79665497;51366000;0,02402;2,40242
22/10/20;79652496;81099503;79250000;80766502;80766502;28672000;0,01382;1,38203
23/10/20;81303497;82117996;81025497;82050003;82050003;27516000;0,01589;1,58915
26/10/20;81250504;81912003;78824997;79522499;79522499;37066000;-0,03080;-3,08044
27/10/20;79783501;80342247;79139000;80212997;80212997;24580000;0,00868;0,86831
28/10/20;77987000;78067497;75731003;75831001;75831001;36680000;-0,05463;-5,46295
29/10/20;76117996;79685501;76112000;78362000;78362000;40062000;0,03338;3,33768
30/10/20;83605499;84349998;80223000;81050499;81050499;86582000;0,03431;3,43087
02/11/20;81407997;83038498;80801498;81301498;81301498;50708000;0,00310;0,30968
03/11/20;81588997;83084999;80831001;82510498;82510498;33234000;0,01487;1,48706
04/11/20;85514000;88568253;85301498;87456497;87456497;71418000;0,05994;5,99439
05/11/20;89050003;89681999;87525497;88168503;88168503;41316000;0,00814;0,81413
06/11/20;87697502;88621498;87017502;88087502;88087502;33218000;-0,00092;-0,09187
09/11/20;89544998;90903000;88000999;88150002;88150002;45366000;0,00071;0,07095
10/11/20;86554497;88150002;85864998;87019501;87019501;52722000;-0,01282;-1,28247
11/11/20;87500000;88210999;87368248;87635498;87635498;25280000;0,00708;0,70788
12/11/20;87381500;88413498;87279999;87491997;87491997;24950000;-0,00164;-0,16375
13/11/20;87881500;89052002;87227501;88850998;88850998;29998000;0,01553;1,55329
16/11/20;88584999;89953499;88384499;89069000;89069000;24936000;0,00245;0,24536
17/11/20;88847000;89250000;88349998;88507500;88507500;22942000;-0,00630;-0,63041
18/11/20;88261497;88673500;87306999;87338997;87338997;23470000;-0,01320;-1,32023
19/11/20;86918999;88479500;86850250;88195999;88195999;24998000;0,00981;0,98124
20/11/20;88260498;88699997;87093002;87109497;87109497;46270000;-0,01232;-1,23192
23/11/20;87480003;87695000;85886002;86742996;86742996;43232000;-0,00421;-0,42074
24/11/20;86525002;88580002;86384499;88444000;88444000;31560000;0,01961;1,96097
25/11/20;88644501;88927002;87827003;88571503;88571503;20916000;0,00144;0,14416
27/11/20;88654503;90199997;88622002;89659500;89659500;17698000;0,01228;1,22838
30/11/20;89059196;89403252;87750000;88037003;88037003;36476000;-0,01810;-1,80962
01/12/20;88718498;91241501;88468498;89904999;89904999;34738000;0,02122;2,12183
02/12/20;89904999;91782501;89473648;91397499;91397499;24440000;0,01660;1,66009
03/12/20;91200500;92360001;91132500;91338501;91338501;24546000;-0,00065;-0,06455
04/12/20;91225998;91657997;90849503;91399498;91399498;27564000;0,00067;0,06678
07/12/20;90949997;91618500;90289001;90973999;90973999;26418000;-0,00466;-0,46554
08/12/20;90504997;91095001;89810249;90927498;90927498;21926000;-0,00051;-0,05111
09/12/20;90600502;91713501;88390503;89206497;89206497;30152000;-0,01893;-1,89272
10/12/20;88489998;89065498;87015999;88766502;88766502;27256000;-0,00493;-0,49323
11/12/20;88153000;89222504;88000000;89088501;89088501;24414000;0,00363;0,36275
14/12/20;88750000;89869499;87860748;88002998;88002998;32004000;-0,01218;-1,21845
15/12/20;88221001;88570999;87497498;88388496;88388496;29646000;0,00438;0,43805
16/12/20;88643997;88650002;87804001;88150002;88150002;30270000;-0,00270;-0,26982
17/12/20;88425499;88589203;86932999;87394997;87394997;32494000;-0,00857;-0,85650
18/12/20;87709000;87755501;86011002;86550499;86550499;80328000;-0,00966;-0,96630
21/12/20;85675499;87042503;84949997;86968498;86968498;36568000;0,00483;0,48295
22/12/20;86721497;86870247;85628754;86175003;86175003;18734000;-0,00912;-0,91239
23/12/20;86405502;87399498;86251999;86619003;86619003;20676000;0,00515;0,51523
24/12/20;86750000;87300003;86455498;86942497;86942497;6936000;0,00373;0,37347
28/12/20;87581749;89536400;87316750;88804497;88804497;27860000;0,02142;2,14165
29/12/20;89389503;89622002;87804497;87935997;87935997;25988000;-0,00978;-0,97799
30/12/20;88100502;88254753;86279999;86975998;86975998;26122000;-0,01092;-1,09170
31/12/20;86771004;87946503;86771004;87594002;87594002;20238000;0,00711;0,71055
04/01/21;87876999;88032501;85392502;86412003;86412003;38038000;-0,01349;-1,34941
05/01/21;86250000;87383499;85900749;87045998;87045998;22906000;0,00734;0,73369
06/01/21;85131500;87400002;84949997;86764503;86764503;52042000;-0,00323;-0,32339
07/01/21;87002998;89419998;86852501;89362503;89362503;45300000;0,02994;2,99431
08/01/21;89399002;90491997;88676750;90360497;90360497;41012000;0,01117;1,11679
11/01/21;89303497;89715752;88026001;88335999;88335999;24194000;-0,02240;-2,24047
12/01/21;87695999;88902000;86265503;87327499;87327499;27140000;-0,01142;-1,14166
13/01/21;86929001;88251747;86900497;87720001;87720001;21882000;0,00449;0,44946
14/01/21;87681000;88750504;86669998;87009003;87009003;23590000;-0,00811;-0,81053
15/01/21;86909500;87800003;86077499;86809502;86809502;26844000;-0,00229;-0,22929
19/01/21;87612503;90463753;87072998;89542999;89542999;34692000;0,03149;3,14885
20/01/21;91572998;95185501;91276497;94345001;94345001;49806000;0,05363;5,36279
21/01/21;94900002;96742996;94355499;94562500;94562500;41278000;0,00231;0,23054
22/01/21;94783997;95547501;94087997;95052498;95052498;25442000;0,00518;0,51817
25/01/21;96033501;96478996;93376503;94970001;94970001;38546000;-0,00087;-0,08679
26/01/21;94442001;96250000;94212250;95862000;95862000;26262000;0,00939;0,93924
27/01/21;94126503;94500000;90449997;91539497;91539497;54966000;-0,04509;-4,50909
28/01/21;92196999;94941498;92132004;93155502;93155502;35462000;0,01765;1,76536
29/01/21;92308502;92863998;90510002;91787003;91787003;32252000;-0,01469;-1,46905
01/02/21;92678497;96119598;92546501;95067497;95067497;32044000;0,03574;3,57403
02/02/21;96127998;97788002;95724503;96375504;96375504;45474000;0,01376;1,37587
03/02/21;103650002;105824997;100918999;103503502;103503502;82364000;0,07396;7,39607
04/02/21;103444504;103927498;102129501;103118500;103118500;37046000;-0,00372;-0,37197
05/02/21;103500000;105125504;102966499;104900002;104900002;30702000;0,01728;1,72763
08/02/21;105295502;106177353;103599998;104645500;104645500;24838000;-0,00243;-0,24261
09/02/21;103927002;105256500;103927002;104175499;104175499;17798000;-0,00449;-0,44914
10/02/21;104710503;105418503;103154503;104768997;104768997;22710000;0,00570;0,56971
11/02/21;104975502;105101501;103865997;104794502;104794502;18914000;0,00024;0,02434
12/02/21;104512497;105441002;104156502;105205498;105205498;17114000;0,00392;0,39219
16/02/21;105218002;107634003;105218002;106095001;106095001;22676000;0,00845;0,84549
17/02/21;105000000;106682999;104945999;106415497;106415497;21418000;0,00302;0,30208
18/02/21;105519501;106636749;105185501;105860001;105860001;22432000;-0,00522;-0,52201
19/02/21;105963501;106526497;104870499;105056999;105056999;29148000;-0,00759;-0,75855
22/02/21;103349998;104570999;103107002;103244003;103244003;27350000;-0,01726;-1,72573
23/02/21;101250504;104100502;100100998;103542999;103542999;33348000;0,00290;0,28960
24/02/21;102091499;105039001;101906502;104758499;104758499;24966000;0,01174;1,17391
25/02/21;103372498;104744003;101064499;101568001;101568001;36568000;-0,03046;-3,04557
26/02/21;102526001;103550499;100803001;101843002;101843002;41670000;0,00271;0,27076
01/03/21;102825996;104325996;102305000;104075500;104075500;28090000;0,02192;2,19210
02/03/21;103809502;105218498;103563004;103792000;103792000;22692000;-0,00272;-0,27240
03/03/21;103360497;104425903;100500000;101335503;101335503;29684000;-0,02367;-2,36675
04/03/21;101168503;104461998;101013496;102454498;102454498;42360000;0,01104;1,10425
05/03/21;103655998;105905502;102320747;105427002;105427002;43904000;0,02901;2,90129
08/03/21;105056503;106440498;101080498;101208504;101208504;32948000;-0,04001;-4,00134
09/03/21;103500000;103902000;102391502;102635002;102635002;33946000;0,01409;1,40946
10/03/21;103587997;103750000;101668503;102751503;102751503;25372000;0,00114;0,11351
11/03/21;103703003;106285004;103619003;105738503;105738503;24782000;0,02907;2,90701
12/03/21;104250000;104513000;102377502;103096001;103096001;34516000;-0,02499;-2,49909
15/03/21;103114998;103352997;102175499;103324501;103324501;25962000;0,00222;0,22164
16/03/21;103949501;106178001;103500000;104625999;104625999;29832000;0,01260;1,25962
17/03/21;103801498;105488998;102699997;104554001;104554001;25980000;-0,00069;-0,06881
18/03/21;103050003;103775002;101677498;101810997;101810997;27228000;-0,02624;-2,62353
19/03/21;102102501;102654999;100884003;102160004;102160004;46298000;0,00343;0,34280
22/03/21;102092003;102899498;101303497;101929497;101929497;39096000;-0,00226;-0,22563
23/03/21;102584999;103615097;101960999;102648003;102648003;27340000;0,00705;0,70490
24/03/21;103268501;103910500;102077751;102252998;102252998;23080000;-0,00385;-0,38482
25/03/21;102240501;102943497;100536499;102218002;102218002;28378000;-0,00034;-0,03422
26/03/21;101943001;102549500;100700996;101777496;101777496;29870000;-0,00431;-0,43095
29/03/21;101393997;102921501;100780998;102797501;102797501;24596000;0,01002;1,00219
30/03/21;102881500;103539001;102201500;102777000;102777000;20732000;-0,00020;-0,01994
31/03/21;102956001;104666351;102837250;103431503;103431503;29198000;0,00637;0,63682
01/04/21;104897499;107147003;104844498;106887497;106887497;33980000;0,03341;3,34134
05/04/21;107647003;111865501;107581001;111277496;111277496;43298000;0,04107;4,10712
06/04/21;111125000;111883003;110739998;111237503;111237503;27060000;-0,00036;-0,03594
07/04/21;111306503;112750000;111266502;112484001;112484001;25798000;0,01121;1,12057
08/04/21;113898003;114200249;112884003;113272003;113272003;27166000;0,00701;0,70055
09/04/21;112834999;114452003;112685699;114293999;114293999;20888000;0,00902;0,90225
12/04/21;113312500;113765999;111923248;112739502;112739502;31318000;-0,01360;-1,36009
13/04/21;113073502;113860497;112804497;113363503;113363503;23310000;0,00553;0,55349
14/04/21;113758003;113899498;112459503;112741997;112741997;20220000;-0,00548;-0,54824
15/04/21;113848999;115329849;113300003;114833000;114833000;27472000;0,01855;1,85468
16/04/21;115150002;115321999;114222504;114888000;114888000;22596000;0,00048;0,04790
19/04/21;114598999;115922501;114392250;115120003;115120003;24688000;0,00202;0,20194
20/04/21;115394501;115480003;113585503;114681503;114681503;21774000;-0,00381;-0,38091
21/04/21;114262497;114765999;112928497;114664497;114664497;23930000;-0,00015;-0,01483
22/04/21;114661499;115188103;112822502;113396004;113396004;21096000;-0,01106;-1,10626
23/04/21;114173500;116291000;113910500;115764999;115764999;28670000;0,02089;2,08913
26/04/21;115996498;117063004;115692001;116336998;116336998;20834000;0,00494;0,49410
27/04/21;116800003;116872498;115213501;115356003;115356003;31972000;-0,00843;-0,84324
28/04/21;120357246;122618896;118742500;118995499;118995499;59728000;0,03155;3,15501
29/04/21;120516502;121825996;120113998;121494499;121494499;39554000;0,02100;2,10008
30/04/21;120224503;121357002;120108002;120505997;120505997;39142000;-0,00814;-0,81362
03/05/21;120136002;120985001;119224998;119758499;119758499;33788000;-0,00620;-0,62030
04/05/21;118487000;118962997;115584999;117712502;117712502;35120000;-0,01708;-1,70844
05/05/21;118420998;119110001;117570503;117836998;117836998;21806000;0,00106;0,10576
06/05/21;117531998;119135498;117116898;119067497;119067497;20618000;0,01044;1,04424
07/05/21;120000000;120820503;119500000;119934502;119934502;23272000;0,00728;0,72816
10/05/21;118744499;118900002;116736504;117083000;117083000;26006000;-0,02378;-2,37755
11/05/21;114593002;116099998;114150002;115438004;115438004;32110000;-0,01405;-1,40498
12/05/21;113085503;114268501;111502502;111954002;111954002;34934000;-0,03018;-3,01807
13/05/21;113054497;113830048;112136002;113098503;113098503;26670000;0,01022;1,02230
14/05/21;114591499;116056999;114166000;115807999;115807999;26624000;0,02396;2,39570
17/05/21;115466003;116167000;114750000;116070503;116070503;19842000;0,00227;0,22667
18/05/21;116845299;117157501;115157997;115171501;115171501;17302000;-0,00775;-0,77453
19/05/21;113220001;115837997;113176003;115435501;115435501;19350000;0,00229;0,22922
20/05/21;116402000;118016998;116054497;117804497;117804497;23832000;0,02052;2,05222
21/05/21;118299500;118449997;117118500;117254997;117254997;22832000;-0,00466;-0,46645
24/05/21;118349998;120924004;118005501;120333504;120333504;21244000;0,02625;2,62548
25/05/21;121000000;121644501;120149498;120453499;120453499;18838000;0,00100;0,09972
26/05/21;120641747;122147202;120625748;121676498;121676498;21856000;0,01015;1,01533
27/05/21;121847000;122000000;120099998;120125504;120125504;38962000;-0,01275;-1,27469
28/05/21;121098000;121406998;120384499;120578003;120578003;24108000;0,00377;0,37669
01/06/21;121099998;121898552;120244003;121490501;121490501;19166000;0,00757;0,75677
02/06/21;121765503;122099998;120209999;121064003;121064003;17158000;-0,00351;-0,35105
03/06/21;119750999;120487251;119141502;120230499;120230499;18346000;-0,00688;-0,68848
04/06/21;121125999;122692947;120888496;122587997;122587997;25948000;0,01961;1,96082
07/06/21;122566002;123400002;122053650;123304497;123304497;23850000;0,00584;0,58448
08/06/21;123995003;124724747;123412003;124142502;124142502;25060000;0,00680;0,67962
09/06/21;124974998;125250000;124366501;124570000;124570000;20126000;0,00344;0,34436
10/06/21;124700500;126163002;124699997;126080002;126080002;31234000;0,01212;1,21217
11/06/21;126246002;126349503;124914497;125696503;125696503;25240000;-0,00304;-0,30417
14/06/21;125669502;126411499;125046997;126351997;126351997;22550000;0,00521;0,52149
15/06/21;126522003;126862000;125648499;126032997;126032997;22182000;-0,00252;-0,25247
16/06/21;126247498;126523499;124149948;125696503;125696503;26316000;-0,00267;-0,26699
17/06/21;125523003;127196503;125514999;126371002;126371002;25756000;0,00537;0,53661
18/06/21;125705498;126389000;124602997;125567497;125567497;53306000;-0,00636;-0,63583
21/06/21;125739998;127036751;125134247;126455002;126455002;26256000;0,00707;0,70680
22/06/21;126449997;127269997;126026497;126999496;126999496;20984000;0,00431;0,43058
23/06/21;126550003;127795998;126251999;126461502;126461502;19694000;-0,00424;-0,42362
24/06/21;127053497;127535500;126959999;127281998;127281998;18934000;0,00649;0,64881
25/06/21;126957001;127504997;126444000;126995003;126995003;33484000;-0,00225;-0,22548
28/06/21;127000000;127336998;125973801;126819504;126819504;28110000;-0,00138;-0,13819
29/06/21;126772499;127000000;125436996;126018501;126018501;20950000;-0,00632;-0,63161
30/06/21;125653549;125800003;124757500;125316002;125316002;24006000;-0,00557;-0,55746
01/07/21;124849747;126462502;124849747;126368500;126368500;17120000;0,00840;0,83988
02/07/21;126839500;128848007;126768997;128718994;128718994;21160000;0,01860;1,86003
06/07/21;129449493;129884506;128408997;129770996;129770996;21350000;0,00817;0,81729
07/07/21;130341003;130639893;129759995;130077499;130077499;16680000;0,00236;0,23619
08/07/21;128250000;130032501;128039993;129177002;129177002;19780000;-0,00692;-0,69228
09/07/21;128944504;129849503;128943497;129574493;129574493;15106000;0,00308;0,30771
12/07/21;129833496;130770004;129600006;130563995;130563995;16944000;0,00764;0,76365
13/07/21;130881500;132042007;130636993;130994507;130994507;16618000;0,00330;0,32973
14/07/21;131901505;132996002;131897995;132082504;132082504;17912000;0,00831;0,83057
15/07/21;132500000;132595001;130598007;131266495;131266495;16586000;-0,00618;-0,61780
16/07/21;131641006;132182999;130821503;131845505;131845505;14856000;0,00441;0,44110
19/07/21;131155502;131246994;128537003;129253998;129253998;25710000;-0,01966;-1,96556
20/07/21;130003998;132001343;129188400;131101501;131101501;19084000;0,01429;1,42936
21/07/21;130787003;132617249;130601501;132600494;132600494;14742000;0,01143;1,14338
22/07/21;132649994;133504501;132399994;133328506;133328506;13608000;0,00549;0,54903
23/07/21;135259995;138808502;134700500;137815994;137815994;26378000;0,03366;3,36574
26/07/21;138250000;139712997;137651001;139644501;139644501;23052000;0,01327;1,32677
27/07/21;140011002;140011002;135100006;136796494;136796494;42164000;-0,02039;-2,03947
28/07/21;138561996;139675995;136350006;136381500;136381500;54688000;-0,00303;-0,30337
29/07/21;136380600;137151505;136138000;136540497;136540497;19284000;0,00117;0,11658
30/07/21;135511002;135771347;134814194;135220993;135220993;23954000;-0,00966;-0,96638
02/08/21;135484497;136020493;134669495;135989502;135989502;20140000;0,00568;0,56834
03/08/21;136000000;136335495;134183502;136279999;136279999;19064000;0,00214;0,21362
04/08/21;136249496;136537994;135414993;136028503;136028503;16528000;-0,00185;-0,18454
05/08/21;136028503;136949997;135600006;136940002;136940002;11866000;0,00670;0,67008
06/08/21;136294998;137080048;136046494;137035995;137035995;13560000;0,00070;0,07010
09/08/21;136949005;138321503;136428757;138001999;138001999;12374000;0,00705;0,70493
10/08/21;138079498;138551498;137226501;138096497;138096497;16034000;0,00068;0,06848
11/08/21;138283005;138847748;137350006;137689499;137689499;15204000;-0,00295;-0,29472
12/08/21;137712997;138417999;136779007;138389496;138389496;14646000;0,00508;0,50839
13/08/21;138357498;138673996;138005005;138406006;138406006;12580000;0,00012;0,01193
16/08/21;138000000;138990494;136165756;138916000;138916000;18040000;0,00368;0,36848
17/08/21;138190994;138718506;136787506;137300507;137300507;21272000;-0,01163;-1,16293
18/08/21;137115494;138294006;136421005;136570007;136570007;14934000;-0,00532;-0,53204
19/08/21;135467499;137451996;135356003;136913498;136913498;18296000;0,00252;0,25151
20/08/21;137082993;138614502;136466995;138436996;138436996;15564000;0,01113;1,11274
23/08/21;138998505;142177002;138747955;141099503;141099503;21090000;0,01923;1,92326
24/08/21;141543503;143007507;141353500;142398499;142398499;15126000;0,00921;0,92062
25/08/21;142882996;143313004;142439499;142949997;142949997;12838000;0,00387;0,38729
26/08/21;142618500;143134796;142091507;142123001;142123001;14922000;-0,00579;-0,57852
27/08/21;142112503;145011002;142020004;144550507;144550507;24562000;0,01708;1,70803
30/08/21;144704498;146489502;144600006;145469498;145469498;16916000;0,00636;0,63576
31/08/21;145884506;146112000;145000000;145462006;145462006;26756000;-0,00005;-0,00515
01/09/21;145649994;146820496;145614502;145841995;145841995;15824000;0,00261;0,26123
02/09/21;145949493;146324997;144106506;144218994;144218994;21844000;-0,01113;-1,11285
03/09/21;144145996;145376999;143505005;144774994;144774994;19104000;0,00386;0,38552
07/09/21;144749496;145824005;144541000;145518997;145518997;15170000;0,00514;0,51390
08/09/21;145393494;145550995;144199997;144883499;144883499;15486000;-0,00437;-0,43671
09/09/21;144883499;145669495;144434006;144913498;144913498;14798000;0,00021;0,02071
10/09/21;145443497;146018997;141741501;141921005;141921005;32896000;-0,02065;-2,06502
13/09/21;143201004;144190994;142282501;143464996;143464996;20176000;0,01088;1,08792
14/09/21;144160995;144727493;142905502;143406006;143406006;18916000;-0,00041;-0,04112
15/09/21;143759003;145581497;142255997;145205994;145205994;20648000;0,01255;1,25517
16/09/21;145121002;145199997;143416351;144373505;144373505;20292000;-0,00573;-0,57332
17/09/21;143798492;144249496;141061493;141463501;141463501;60040000;-0,02016;-2,01561
20/09/21;139000198;139362503;137052994;139016998;139016998;34918000;-0,01729;-1,72942
21/09/21;140117004;140811600;138905502;139646500;139646500;18130000;0,00453;0,45282
22/09/21;140050507;141583496;139471756;140938507;140938507;22068000;0,00925;0,92520
23/09/21;141609497;142252457;141096497;141826508;141826508;17272000;0,00630;0,63006
24/09/21;140945999;142903503;140850494;142632996;142632996;14950000;0,00569;0,56864
27/09/21;141585495;142500000;140500000;141501007;141501007;18844000;-0,00794;-0,79364
28/09/21;139088501;139606506;135699997;136184006;136184006;42190000;-0,03758;-3,75757
29/09/21;137109695;137398499;134250000;134520996;134520996;26338000;-0,01221;-1,22115
30/09/21;134324997;135589996;133000000;133265503;133265503;35294000;-0,00933;-0,93331
01/10/21;133554504;137070999;133377502;136462494;136462494;28388000;0,02399;2,39896
04/10/21;135699493;135699997;131166504;133764999;133764999;31530000;-0,01977;-1,97673
05/10/21;134000000;137362000;134000000;136177002;136177002;24126000;0,01803;1,80316
06/10/21;134625504;137852005;134486496;137354004;137354004;19764000;0,00864;0,86432
07/10/21;138863007;140154449;138563004;139185501;139185501;18250000;0,01333;1,33341
08/10/21;139906006;140317001;139429352;140056000;140056000;18924000;0,00625;0,62542
11/10/21;139800003;140763657;138806503;138847504;138847504;16584000;-0,00863;-0,86287
12/10/21;139637497;139695007;136250000;136712997;136712997;22536000;-0,01537;-1,53730
13/10/21;137750000;138550003;136976501;137899994;137899994;16380000;0,00868;0,86824
14/10/21;139951996;141651505;139339005;141412003;141412003;21426000;0,02547;2,54678
15/10/21;142199997;142199997;141064499;141675003;141675003;21250000;0,00186;0,18598
18/10/21;141213501;142998749;141213501;142960495;142960495;16564000;0,00907;0,90735
19/10/21;143291504;144106995;143095993;143822006;143822006;15316000;0,00603;0,60262
20/10/21;144222504;144247757;141912003;142414993;142414993;17940000;-0,00978;-0,97830
21/10/21;142192001;142849503;141636993;142780502;142780502;14850000;0,00257;0,25665
22/10/21;140350998;141558502;137170502;138625000;138625000;30182000;-0,02910;-2,91041
25/10/21;138810501;139205795;136748505;138772995;138772995;21082000;0,00107;0,10676
26/10/21;140606003;140839493;139005493;139671997;139671997;28258000;0,00648;0,64782
27/10/21;139902496;149117996;139902496;146427505;146427505;51850000;0,04837;4,83669
28/10/21;147298996;147424500;144763504;146128998;146128998;32418000;-0,00204;-0,20386
29/10/21;145520004;148613007;145166504;148270493;148270493;28954000;0,01465;1,46548
01/11/21;148164993;148399506;143579498;143774002;143774002;32272000;-0,03033;-3,03263
02/11/21;144809402;146920502;144641006;145863007;145863007;21150000;0,01453;1,45298
03/11/21;146274994;146910507;145053497;146789993;146789993;17886000;0,00636;0,63552
04/11/21;147199997;149949997;146634995;148682999;148682999;24700000;0,01290;1,28960
05/11/21;149353500;150570755;148651993;149240997;149240997;20408000;0,00375;0,37529
08/11/21;150000000;151034500;149119995;149351501;149351501;18388000;0,00074;0,07404
09/11/21;149746002;150378494;147507004;149248505;149248505;16876000;-0,00069;-0,06896
10/11/21;148009750;148699997;145324997;146626007;146626007;22708000;-0,01757;-1,75714
11/11/21;147106995;148502243;146694504;146748001;146748001;12464000;0,00083;0,08320
12/11/21;147831497;149859497;146453995;149645493;149645493;17048000;0,01974;1,97447
15/11/21;150000000;150477005;148652496;149388000;149388000;16248000;-0,00172;-0,17207
16/11/21;149170502;149832504;148350006;149076004;149076004;17254000;-0,00209;-0,20885
17/11/21;149229004;149626007;148563004;149061996;149061996;15290000;-0,00009;-0,00940
18/11/21;149145996;151610001;148998505;150709000;150709000;26658000;0,01105;1,10491
19/11/21;151000000;151850006;149887497;149952499;149952499;19766000;-0,00502;-0,50196
22/11/21;150141754;150744507;147005493;147078506;147078506;24608000;-0,01917;-1,91660
23/11/21;147113007;147694000;144889496;146757004;146757004;18126000;-0,00219;-0,21859
24/11/21;146350006;147000000;145199005;146717499;146717499;16464000;-0,00027;-0,02692
26/11/21;145015503;145296997;142485504;142806000;142806000;16992000;-0,02666;-2,66601
29/11/21;144298492;146862000;144298492;146113998;146113998;26276000;0,02316;2,31643
30/11/21;145450256;146628494;142065994;142451996;142451996;41590000;-0,02506;-2,50626
01/12/21;144212494;146499146;141500000;141617996;141617996;28476000;-0,00585;-0,58546
02/12/21;141824005;144675003;140981995;143776505;143776505;21250000;0,01524;1,52418
03/12/21;144495499;145212997;141149994;142520493;142520493;26688000;-0,00874;-0,87359
06/12/21;143574005;144351501;140647003;143796494;143796494;22198000;0,00895;0,89531
07/12/21;145949997;148300003;145702499;148036499;148036499;23258000;0,02949;2,94862
08/12/21;148331497;149156494;147199997;148720505;148720505;18964000;0,00462;0,46205
09/12/21;148175995;149604996;147529007;148106003;148106003;18580000;-0,00413;-0,41319
10/12/21;149100006;149399994;147357498;148675003;148675003;21634000;0,00384;0,38418
13/12/21;148444000;148562500;146360001;146704498;146704498;24104000;-0,01325;-1,32538
14/12/21;144770004;145442001;142242493;144970505;144970505;24778000;-0,01182;-1,18196
15/12/21;144365997;147517242;142705505;147368500;147368500;27280000;0,01654;1,65413
16/12/21;148076996;148551498;144092499;144838501;144838501;27400000;-0,01717;-1,71678
17/12/21;142714493;144460098;141787994;142802994;142802994;43404000;-0,01405;-1,40536
20/12/21;140679596;142610504;140250000;142401505;142401505;20264000;-0,00281;-0,28115
21/12/21;143149994;144692047;141735001;144220505;144220505;19548000;0,01277;1,27737
22/12/21;144100006;147302994;143962997;146949005;146949005;18438000;0,01892;1,89189
23/12/21;147089493;148572601;146950851;147142502;147142502;13818000;0,00132;0,13168
27/12/21;147463501;148426498;147250000;148063995;148063995;13256000;0,00626;0,62626
28/12/21;148374496;148374496;145935501;146447998;146447998;18624000;-0,01091;-1,09142
29/12/21;146429504;147183746;145504501;146504501;146504501;17022000;0,00039;0,03858
30/12/21;146449997;147062500;145758499;146002502;146002502;12978000;-0,00343;-0,34265
31/12/21;145544006;146365005;144677505;144679504;144679504;17298000;-0,00906;-0,90615
03/01/22;144475494;145550003;143502502;145074493;145074493;25214000;0,00273;0,27301
04/01/22;145550507;146610001;143816147;144416504;144416504;22928000;-0,00454;-0,45355
05/01/22;144181000;144298004;137523499;137653503;137653503;49642000;-0,04683;-4,68298
06/01/22;137497498;139686005;136763504;137550995;137550995;29050000;-0,00074;-0,07447
07/01/22;137904999;138254745;135789001;137004501;137004501;19408000;-0,00397;-0,39730
10/01/22;135098999;138639999;133140503;138574005;138574005;34096000;0,01146;1,14559
11/01/22;138180496;140329498;136813507;140017502;140017502;23502000;0,01042;1,04168
12/01/22;141554504;142814255;141112000;141647995;141647995;23642000;0,01164;1,16449
13/01/22;141840500;143185501;138914001;139130997;139130997;26566000;-0,01777;-1,77694
14/01/22;137500000;141200500;137500000;139786499;139786499;23826000;0,00471;0,47114
18/01/22;136600006;137391495;135617004;136290497;136290497;27382000;-0,02501;-2,50096
19/01/22;136938507;138399506;135500000;135651993;135651993;20796000;-0,00468;-0,46849
20/01/22;136514008;137912003;133144501;133506500;133506500;21930000;-0,01582;-1,58162
21/01/22;133011993;134760498;130001007;130091995;130091995;41920000;-0,02558;-2,55756
24/01/22;126027496;130778503;124641953;130371994;130371994;55148000;0,00215;0,21523
25/01/22;128435501;129338501;126377998;126735497;126735497;36008000;-0,02789;-2,78932
26/01/22;130592499;132807495;127153503;129240005;129240005;39630000;0,01976;1,97617
27/01/22;131360992;132609955;128945007;129121002;129121002;30248000;-0,00092;-0,09208
28/01/22;130000000;133370499;128694504;133289505;133289505;30518000;0,03228;3,22837
31/01/22;134197998;135843506;132274002;135698502;135698502;34056000;0,01807;1,80734
01/02/22;137835007;138199997;134568253;137878494;137878494;51204000;0,01606;1,60650
02/02/22;151863495;152100006;145557495;148036499;148036499;89750000;0,07367;7,36736
03/02/22;145294998;149117706;142205002;142650497;142650497;56930000;-0,03638;-3,63829
04/02/22;143016998;144535248;139817505;143016006;143016006;49224000;0,00256;0,25623
07/02/22;143709000;143846497;138699005;138938004;138938004;44610000;-0,02851;-2,85143
08/02/22;138991257;139837097;136873001;139212997;139212997;34256000;0,00198;0,19792
09/02/22;140849747;142175507;140376999;141453003;141453003;28628000;0,01609;1,60905
10/02/22;139500000;141431000;138050003;138602493;138602493;33018000;-0,02015;-2,01516
11/02/22;138750000;139283249;133288498;134130005;134130005;38808000;-0,03227;-3,22685
14/02/22;133365494;136166504;133302002;135300003;135300003;26792000;0,00872;0,87229
15/02/22;137471497;137899994;135539505;136425507;136425507;26578000;0,00832;0,83186
16/02/22;136430496;137945999;134823654;137487503;137487503;25610000;0,00778;0,77844
17/02/22;136149994;136839493;132201996;132308502;132308502;30968000;-0,03767;-3,76689
18/02/22;133037506;133824005;130307053;130467499;130467499;31858000;-0,01391;-1,39145
22/02/22;129985001;131900757;127740997;129402496;129402496;38906000;-0,00816;-0,81630
23/02/22;131078506;131748993;127503502;127584999;127584999;26432000;-0,01405;-1,40453
24/02/22;125000000;133037003;124764503;132673492;132673492;43166000;0,03988;3,98832
25/02/22;133525497;135389008;131764999;134519501;134519501;26236000;0,01391;1,39139
28/02/22;133284500;135640503;132825256;134891006;134891006;29676000;0,00276;0,27617
01/03/22;134479996;136110992;133378494;134167999;134167999;24640000;-0,00536;-0,53599
02/03/22;134608246;135615494;133432495;134751495;134751495;23966000;0,00435;0,43490
03/03/22;135978500;136713806;133431000;134307999;134307999;19780000;-0,00329;-0,32912
04/03/22;133382507;134199005;130408493;132121994;132121994;24446000;-0,01628;-1,62761
07/03/22;131904007;131904007;126410004;126464500;126464500;39178000;-0,04282;-4,28202
08/03/22;126250504;131246506;125860748;127278503;127278503;35250000;0,00644;0,64366
09/03/22;131399994;134198502;130087997;133865997;133865997;32258000;0,05176;5,17565
10/03/22;131462494;133538498;131401001;132682007;132682007;24266000;-0,00884;-0,88446
11/03/22;133999496;134199997;130296494;130475494;130475494;26600000;-0,01663;-1,66301
14/03/22;130572998;131026001;126413002;126740997;126740997;30254000;-0,02862;-2,86222
15/03/22;127741501;130517242;126568001;129660507;129660507;30292000;0,02304;2,30352
16/03/22;131000000;133770996;129201004;133690506;133690506;32058000;0,03108;3,10812
17/03/22;133320999;134739502;132718994;134600494;134600494;23994000;0,00681;0,68067
18/03/22;133884003;136913498;132932007;136801498;136801498;45900000;0,01635;1,63521
21/03/22;136847504;137582504;134611496;136478500;136478500;26632000;-0,00236;-0,23611
22/03/22;136500000;141500000;136500000;140277496;140277496;29776000;0,02784;2,78359
23/03/22;139138504;140024994;138166504;138503494;138503494;25302000;-0,01265;-1,26464
24/03/22;139272507;141396500;138039398;141311996;141311996;20544000;0,02028;2,02775
25/03/22;141753998;141959503;139699493;141521500;141521500;19270000;0,00148;0,14826
28/03/22;140684494;141976501;139828156;141949997;141949997;23774000;0,00303;0,30278
29/03/22;143160507;144162506;142483994;143250000;143250000;28678000;0,00916;0,91582
30/03/22;142869995;143480499;142167999;142644501;142644501;21046000;-0,00423;-0,42269
31/03/22;142448502;142644501;139619003;139649506;139649506;29516000;-0,02100;-2,09962
01/04/22;140009995;140949997;138796997;140699997;140699997;23480000;0,00752;0,75223
04/04/22;140824493;144043747;140824493;143642502;143642502;19076000;0,02091;2,09133
05/04/22;143399506;143589996;140943497;141063004;141063004;19256000;-0,01796;-1,79578
06/04/22;139161499;139848495;136418106;137175995;137175995;23574000;-0,02756;-2,75551
07/04/22;136617996;137701508;134857254;136464996;136464996;19448000;-0,00518;-0,51831
08/04/22;136250000;136250000;133752502;134010498;134010498;16434000;-0,01799;-1,79863
11/04/22;132899994;132939194;129617493;129796494;129796494;24188000;-0,03145;-3,14453
12/04/22;132423492;132423492;127575996;128374496;128374496;23004000;-0,01096;-1,09556
13/04/22;128626495;130655746;128438599;130285995;130285995;19542000;0,01489;1,48900
14/04/22;130649506;130710251;127111504;127252998;127252998;23484000;-0,02328;-2,32795
18/04/22;127410004;128712006;126578453;127960999;127960999;14918000;0,00556;0,55637
19/04/22;128076996;130903748;127451500;130531006;130531006;22720000;0,02008;2,00843
20/04/22;131283997;131923492;127894051;128245499;128245499;22610000;-0,01751;-1,75093
21/04/22;129350006;130307495;124650002;124937500;124937500;30158000;-0,02579;-2,57943
22/04/22;125000000;125452003;119140503;119613998;119613998;46410000;-0,04261;-4,26093
25/04/22;119429497;123278000;118769249;123250000;123250000;34522000;0,03040;3,03978
26/04/22;122750000;122750000;119161850;119505997;119505997;49394000;-0,03038;-3,03773
27/04/22;114373001;117500000;113124252;115020500;115020500;62238000;-0,03753;-3,75337
28/04/22;117114998;120438499;115143898;119411499;119411499;36790000;0,03818;3,81758
29/04/22;117578003;118959999;114694000;114966499;114966499;33694000;-0,03722;-3,72242
02/05/22;113906502;117339500;113399498;117156998;117156998;30280000;0,01905;1,90534
03/05/22;116764999;119300003;116626999;118129501;118129501;21216000;0,00830;0,83009
04/05/22;118003502;123142998;115738503;122574997;122574997;33232000;0,03763;3,76324
05/05/22;120220497;121233253;115182503;116746498;116746498;43090000;-0,04755;-4,75505
06/05/22;115518997;117498497;114142998;115660004;115660004;35310000;-0,00931;-0,93064
09/05/22;113303497;115562897;112551498;113084000;113084000;34520000;-0,02227;-2,22722
10/05/22;116040497;116691002;113383301;114584503;114584503;31158000;0,01327;1,32689
11/05/22;113710503;116670998;113650002;113960999;113960999;36502000;-0,00544;-0,54414
12/05/22;111938004;114856499;110113503;113161003;113161003;41464000;-0,00702;-0,70199
13/05/22;114845497;118084999;114000000;116515503;116515503;29738000;0,02964;2,96436
16/05/22;115384003;116607498;114334999;114792503;114792503;23282000;-0,01479;-1,47877
17/05/22;117227501;117227501;115337502;116701500;116701500;21576000;0,01663;1,66300
18/05/22;115237503;115695648;112141998;112401001;112401001;27982000;-0,03685;-3,68504
19/05/22;111841003;113587502;110468002;110745499;110745499;29192000;-0,01473;-1,47285
20/05/22;112085503;112550003;106373001;109313004;109313004;37586000;-0,01294;-1,29350
23/05/22;110103996;112005501;109154251;111666496;111666496;31558000;0,02153;2,15298
24/05/22;106377502;106394997;102208000;105926003;105926003;60386000;-0,05141;-5,14075
25/05/22;105141998;106544701;104211250;105839500;105839500;37900000;-0,00082;-0,08166
26/05/22;106050499;108955254;105487999;108295998;108295998;30288000;0,02321;2,32097
27/05/22;109788498;112867996;109550003;112799004;112799004;29924000;0,04158;4,15805
31/05/22;113079002;116433502;112572502;114039001;114039001;51302000;0,01099;1,09930
01/06/22;114931503;117399002;113550499;114137001;114137001;28630000;0,00086;0,08594
02/06/22;114188004;117898003;113307999;117746002;117746002;27472000;0,03162;3,16199
03/06/22;115992500;116364502;113667999;114564003;114564003;25052000;-0,02702;-2,70243
06/06/22;116742500;119398499;116528297;117010498;117010498;23786000;0,02135;2,13548
07/06/22;115648003;117748650;115125504;117229500;117229500;26414000;0,00187;0,18716
08/06/22;116876503;118646004;116696747;117237999;117237999;22544000;0,00007;0,00725
09/06/22;116341499;118349998;114866997;114917999;114917999;23142000;-0,01979;-1,97888
10/06/22;112781250;113497002;110861000;111427498;111427498;31324000;-0,03037;-3,03738
13/06/22;107445999;109218498;106588051;106876503;106876503;36756000;-0,04084;-4,08427
14/06/22;106889999;108457497;106351997;107194000;107194000;25480000;0,00297;0,29707
15/06/22;108899498;112063004;108118752;110390503;110390503;33192000;0,02982;2,98198
16/06/22;108149498;109290497;105792503;106636002;106636002;35314000;-0,03401;-3,40111
17/06/22;106535004;109249496;105628548;107865501;107865501;43516000;0,01153;1,15299
21/06/22;109702003;112672997;109293503;112014999;112014999;39010000;0,03847;3,84692
22/06/22;111163002;113769501;110724297;112033997;112033997;23922000;0,00017;0,01696
23/06/22;112949997;113196503;111028999;112684502;112684502;24710000;0,00581;0,58063
24/06/22;113602997;118637497;113602997;118538002;118538002;39122000;0,05195;5,19459
27/06/22;118934998;119250000;116000748;116622498;116622498;32840000;-0,01616;-1,61594
28/06/22;116350998;117856499;112444000;112571503;112571503;28232000;-0,03474;-3,47360
29/06/22;112148499;113664497;111554001;112256500;112256500;18628000;-0,00280;-0,27982
30/06/22;110499496;111329803;107309998;109372498;109372498;38046000;-0,02569;-2,56912
01/07/22;108336998;109806351;107105003;109081001;109081001;31028000;-0,00267;-0,26652
05/07/22;107514503;114052597;106249496;113887001;113887001;36398000;0,04406;4,40590
06/07/22;114092003;116351997;112250504;115213501;115213501;28852000;0,01165;1,16475
07/07/22;116008003;119862000;115533997;119306000;119306000;32184000;0,03552;3,55210
08/07/22;117550003;120434998;117514000;120168503;120168503;29082000;0,00723;0,72293
11/07/22;118650002;118794502;116234497;116522499;116522499;26718000;-0,03034;-3,03408
12/07/22;116838501;117849503;114614998;114849503;114849503;24970000;-0,01436;-1,43577
13/07/22;112639000;115156998;111822998;112186996;112186996;38958000;-0,02318;-2,31826
14/07/22;110825996;111987503;109325500;111440002;111440002;32366000;-0,00666;-0,66585
15/07/22;112962997;114000504;111822502;112766998;112766998;34330000;0,01191;1,19077
18/07/22;113440002;114800003;109300003;109910004;109910004;33354000;-0,02534;-2,53354
19/07/22;111730003;114809998;110500000;114620003;114620003;30992300;0,04285;4,28532
20/07/22;114059998;116330002;113260002;114699997;114699997;26780100;0,00070;0,06979
21/07/22;115089996;115209999;111910004;115040001;115040001;27267800;0,00296;0,29643
22/07/22;111809998;113180000;107599998;108360001;108360001;44455300;-0,05807;-5,80668
25/07/22;108879997;110580002;107010002;108209999;108209999;28289900;-0,00138;-0,13843
26/07/22;107430000;107739998;104760002;105440002;105440002;36626600;-0,02560;-2,55983
27/07/22;109599998;114400002;108419998;113599998;113599998;41474600;0,07739;7,73899
28/07/22;112800003;114699997;111850998;114589996;114589996;23303800;0,00871;0,87148
29/07/22;113400002;116900002;113230003;116639999;116639999;31336200;0,01789;1,78899
01/08/22;115529999;117120003;114690002;115480003;115480003;22856200;-0,00995;-0,99451
02/08/22;114430000;117080002;114260002;115900002;115900002;17911000;0,00364;0,36370
03/08/22;116339996;119419998;116150002;118779999;118779999;25302800;0,02485;2,48490
04/08/22;118300003;119500000;117709999;118870003;118870003;15757700;0,00076;0,07577
05/08/22;116930000;118860001;116709999;118220001;118220001;15615700;-0,00547;-0,54682
08/08/22;119120003;120860001;117830002;118139999;118139999;17061100;-0,00068;-0,06767
09/08/22;117989998;118199997;116559998;117500000;117500000;15424300;-0,00542;-0,54173
10/08/22;119589996;121779999;119360001;120650002;120650002;20497000;0,02681;2,68085
11/08/22;122080002;122339996;119550003;119820000;119820000;16671600;-0,00688;-0,68794
12/08/22;121160004;122650002;120400002;122650002;122650002;16121100;0,02362;2,36188
15/08/22;122209999;123260002;121570000;122879997;122879997;15525000;0,00188;0,18752
16/08/22;122320000;123227997;121535004;122510002;122510002;15626200;-0,00301;-0,30110
17/08/22;120930000;122150002;120199997;120320000;120320000;17589200;-0,01788;-1,78761
18/08/22;120230003;121690002;119550003;120860001;120860001;15652000;0,00449;0,44880
19/08/22;119870003;120000000;117669998;118120003;118120003;20187000;-0,02267;-2,26708
22/08/22;116099998;116500000;114669998;115070000;115070000;19316000;-0,02582;-2,58212
23/08/22;114320000;115930000;114300003;114769997;114769997;14390700;-0,00261;-0,26071
24/08/22;114449997;115717003;113779999;114699997;114699997;16051200;-0,00061;-0,06099
25/08/22;115150002;117779999;115050003;117699997;117699997;14874700;0,02616;2,61552
26/08/22;115809998;116599998;111220001;111300003;111300003;31698700;-0,05438;-5,43755
29/08/22;110779999;111959999;109809998;110339996;110339996;20386100;-0,00863;-0,86254
30/08/22;111029999;111370003;108800003;109910004;109910004;20548200;-0,00390;-0,38970
31/08/22;111629997;111769997;109050003;109150002;109150002;25898000;-0,00691;-0,69148
01/09/22;109199997;111220001;108190002;110550003;110550003;22784400;0,01283;1,28264
02/09/22;111339996;111675003;108129997;108680000;108680000;20618100;-0,01692;-1,69154
06/09/22;108135002;108879997;106510002;107480003;107480003;20565100;-0,01104;-1,10416
07/09/22;107760002;110989998;107614998;110480003;110480003;22987200;0,02791;2,79122
08/09/22;109180000;110580002;108059998;109419998;109419998;21660700;-0,00959;-0,95945
09/09/22;110050003;112000000;110000000;111779999;111779999;21732900;0,02157;2,15683
12/09/22;111989998;112639999;110930000;111870003;111870003;19732900;0,00081;0,08052
13/09/22;108889999;109370003;105000000;105309998;105309998;33015000;-0,05864;-5,86395
14/09/22;105440002;106099998;104500000;105870003;105870003;22115800;0,00532;0,53177
15/09/22;105010002;106209999;103309998;103900002;103900002;26494900;-0,01861;-1,86077
16/09/22;102970001;104029999;101855003;103629997;103629997;64540100;-0,00260;-0,25987
19/09/22;102540001;104019997;102370003;103849998;103849998;19738600;0,00212;0,21229
20/09/22;102879997;103169998;101120003;101830002;101830002;24001700;-0,01945;-1,94511
21/09/22;102239998;103489998;99989998;100010002;100010002;26596800;-0,01787;-1,78729
22/09/22;99449997;101680000;99410004;100570000;100570000;21272700;0,00560;0,55994
23/09/22;100059998;100110001;98010002;99169998;99169998;25657000;-0,01392;-1,39207
26/09/22;98610001;100440002;98379997;98809998;98809998;22437900;-0,00363;-0,36301
27/09/22;99910004;100459999;97339996;98089996;98089996;24225000;-0,00729;-0,72867
28/09/22;98019997;101400002;97800003;100739998;100739998;24617000;0,02702;2,70160
29/09/22;99300003;99300003;96519997;98089996;98089996;21921500;-0,02631;-2,63054
30/09/22;97730003;99494003;96029999;96150002;96150002;26277800;-0,01978;-1,97777
03/10/22;97220001;99970001;97019997;99300003;99300003;24840000;0,03276;3,27613
04/10/22;101040001;102720001;101040001;102410004;102410004;22580900;0,03132;3,13192
05/10/22;100690002;102739998;99739998;102220001;102220001;18475500;-0,00186;-0,18553
06/10/22;101500000;103730003;101500000;102239998;102239998;17156200;0,00020;0,01956
07/10/22;100650002;101419998;99209999;99570000;99570000;24249900;-0,02612;-2,61150
10/10/22;99849998;99989998;97870003;98709999;98709999;16529900;-0,00864;-0,86371
11/10/22;98250000;100120003;97250000;98050003;98050003;21617700;-0,00669;-0,66862
12/10/22;98269997;99648003;97669998;98300003;98300003;17343400;0,00255;0,25497
13/10/22;95930000;100529999;95269997;99709999;99709999;32812200;0,01434;1,43438
14/10/22;100625000;101290001;97029999;97180000;97180000;22624800;-0,02537;-2,53736
17/10/22;99519997;101769997;99510002;100779999;100779999;23311600;0,03704;3,70446
18/10/22;103940002;104220001;100650002;101389999;101389999;21610500;0,00605;0,60528
19/10/22;100699997;101658997;99635002;100290001;100290001;21573700;-0,01085;-1,08492
20/10/22;100820000;103000000;99970001;100529999;100529999;25125100;0,00239;0,23930
21/10/22;98459999;101620003;98230003;101480003;101480003;28988700;0,00945;0,94500
24/10/22;102089996;103099998;100300003;102970001;102970001;24680800;0,01468;1,46827
25/10/22;103300003;105099998;103019997;104930000;104930000;29910200;0,01903;1,90347
26/10/22;96760002;98540001;94570000;94820000;94820000;71504300;-0,09635;-9,63499
27/10/22;94309998;95169998;91900002;92599998;92599998;54036500;-0,02341;-2,34128
28/10/22;92529999;96860001;92322998;96580002;96580002;35696900;0,04298;4,29806
31/10/22;95779999;96349998;94379997;94660004;94660004;29868700;-0,01988;-1,98799
01/11/22;95589996;96165001;90430000;90500000;90500000;43220600;-0,04395;-4,39468
02/11/22;90910004;91300003;87010002;87070000;87070000;43553600;-0,03790;-3,79006
03/11/22;86345001;86550003;83449997;83489998;83489998;48510400;-0,04112;-4,11164
04/11/22;85510002;86730003;83879997;86699997;86699997;40173300;0,03845;3,84477
07/11/22;87339996;88940002;86959999;88650002;88650002;26899900;0,02249;2,24914
08/11/22;89160004;90404999;87650002;88910004;88910004;30172000;0,00293;0,29329
09/11/22;88544998;89489998;87360001;87400002;87400002;26743900;-0,01698;-1,69835
10/11/22;92339996;94550003;91650002;94169998;94169998;42371200;0,07746;7,74599
11/11/22;94709999;97360001;94160004;96730003;96730003;30569100;0,02718;2,71849
14/11/22;95500000;97180000;95112999;96029999;96029999;24170100;-0,00724;-0,72367
15/11/22;98669998;100419998;97019997;98720001;98720001;31831000;0,02801;2,80121
16/11/22;98019997;99849998;97902000;98989998;98989998;24660200;0,00273;0,27350
17/11/22;97180000;99480003;97099998;98500000;98500000;21818700;-0,00495;-0,49500
18/11/22;99010002;99160004;96739998;97800003;97800003;24969900;-0,00711;-0,71066
21/11/22;97559998;98720001;95669998;95830002;95830002;18696900;-0,02014;-2,01432
22/11/22;96160004;97547997;94410004;97330002;97330002;18868900;0,01565;1,56527
23/11/22;97339996;99069000;97339996;98820000;98820000;17568900;0,01531;1,53087
25/11/22;98464996;98940002;97529999;97599998;97599998;8567800;-0,01235;-1,23457
28/11/22;97199997;97830002;95889999;96250000;96250000;19974500;-0,01383;-1,38319
29/11/22;96000000;96389999;94389999;95440002;95440002;20220000;-0,00842;-0,84156
30/11/22;95120003;101449997;94669998;101449997;101449997;39888100;0,06297;6,29714
01/12/22;101400002;102589996;100669998;101279999;101279999;21771500;-0,00168;-0,16757
02/12/22;99370003;101150002;99169998;100830002;100830002;18821500;-0,00444;-0,44431
05/12/22;99815002;101750000;99355003;99870003;99870003;19955500;-0,00952;-0,95210
06/12/22;99669998;100209999;96760002;97309998;97309998;20877600;-0,02563;-2,56334
07/12/22;96769997;97309998;95025002;95150002;95150002;26647900;-0,02220;-2,21971
08/12/22;95690002;95870003;93800003;93949997;93949997;25593200;-0,01261;-1,26117
09/12/22;93900002;94489998;93019997;93070000;93070000;21885300;-0,00937;-0,93667
12/12/22;93089996;93875000;91900002;93559998;93559998;27380900;0,00526;0,52648
13/12/22;98070000;99800003;95379997;95849998;95849998;34788500;0,02448;2,44763
14/12/22;95540001;97220001;93940002;95309998;95309998;26452900;-0,00563;-0,56338
15/12/22;93540001;94029999;90430000;91199997;91199997;28298800;-0,04312;-4,31225
16/12/22;91199997;91750000;90010002;90860001;90860001;48485500;-0,00373;-0,37280
19/12/22;90879997;91199997;88925003;89150002;89150002;23020500;-0,01882;-1,88202
20/12/22;88730003;89779999;88040001;89629997;89629997;21976800;0,00538;0,53841
21/12/22;89730003;90915001;88910004;90250000;90250000;20336400;0,00692;0,69174
22/12/22;88930000;89180000;86940002;88260002;88260002;23656100;-0,02205;-2,20498
23/12/22;87620003;90099998;87620003;89809998;89809998;17815000;0,01756;1,75617
27/12/22;89309998;89500000;87535004;87930000;87930000;15470900;-0,02093;-2,09331
28/12/22;87500000;88519997;86370003;86459999;86459999;17879600;-0,01672;-1,67179
29/12/22;87029999;89364998;86989998;88949997;88949997;18280700;0,02880;2,87994
30/12/22;87364998;88830002;87029999;88730003;88730003;19190300;-0,00247;-0,24732
03/01/23;89830002;91550003;89019997;89699997;89699997;20738500;0,01093;1,09320
04/01/23;91010002;91239998;87800003;88709999;88709999;27046500;-0,01104;-1,10368
05/01/23;88070000;88209999;86559998;86769997;86769997;23136100;-0,02187;-2,18690
06/01/23;87360001;88470001;85570000;88160004;88160004;26612600;0,01602;1,60194
09/01/23;89195000;90830002;88580002;88800003;88800003;22996700;0,00726;0,72595
10/01/23;86720001;89474998;86699997;89239998;89239998;22855600;0,00495;0,49549
11/01/23;90059998;92449997;89739998;92260002;92260002;25998800;0,03384;3,38414
12/01/23;92400002;92620003;90570000;91910004;91910004;22754200;-0,00379;-0,37936
13/01/23;91528000;92980003;90930000;92800003;92800003;18630700;0,00968;0,96834
17/01/23;92779999;92970001;90839996;92160004;92160004;22935800;-0,00690;-0,68965
18/01/23;92940002;93587997;91400002;91779999;91779999;19641600;-0,00412;-0,41233
19/01/23;91389999;94400002;91379997;93910004;93910004;28707700;0,02321;2,32077
20/01/23;95949997;99419998;95910004;99279999;99279999;53704800;0,05718;5,71824
23/01/23;99129997;101400002;98750000;101209999;101209999;31791800;0,01944;1,94400
24/01/23;99550003;101089996;98699997;99209999;99209999;27391400;-0,01976;-1,97609
25/01/23;97199997;97720001;95262001;96730003;96730003;31000900;-0,02500;-2,49974
26/01/23;98279999;99209999;96820000;99160004;99160004;24542100;0,02512;2,51215
27/01/23;99050003;101580002;98970001;100709999;100709999;29020400;0,01563;1,56313
30/01/23;98745003;99408997;97519997;97949997;97949997;24365100;-0,02741;-2,74054
31/01/23;97860001;99910004;97790001;99870003;99870003;22306800;0,01960;1,96019
01/02/23;99739998;102190002;98419998;101430000;101430000;26392600;0,01562;1,56203
02/02/23;106790001;108820000;106540001;108800003;108800003;46622600;0,07266;7,26610
03/02/23;103510002;108019997;103300003;105220001;105220001;36823400;-0,03290;-3,29044
06/02/23;102684998;104699997;102209999;103470001;103470001;25573000;-0,01663;-1,66318
07/02/23;103629997;108669998;103547997;108040001;108040001;33738800;0,04417;4,41674
08/02/23;102690002;103580002;98455002;100000000;100000000;73546000;-0,07442;-7,44169
09/02/23;100540001;100610001;93860001;95459999;95459999;97798600;-0,04540;-4,54000
10/02/23;95739998;97019997;94529999;94860001;94860001;49325300;-0,00629;-0,62853
13/02/23;95010002;95349998;94050003;95000000;95000000;43116600;0,00148;0,14758
14/02/23;94660004;95175003;92650002;94949997;94949997;42513100;-0,00053;-0,05263
15/02/23;94739998;97339996;94360001;97099998;97099998;36964500;0,02264;2,26435
16/02/23;95540001;97879997;94970001;95779999;95779999;35642100;-0,01359;-1,35942
17/02/23;95070000;95750000;93449997;94589996;94589996;31095100;-0,01242;-1,24243
21/02/23;93239998;93415001;92000000;92050003;92050003;28367200;-0,02685;-2,68527
22/02/23;91933998;92360001;90870003;91800003;91800003;29891100;-0,00272;-0,27159
23/02/23;92129997;92129997;90010002;91070000;91070000;32423700;-0,00795;-0,79521
24/02/23;89629997;90129997;88860001;89349998;89349998;31295600;-0,01889;-1,88866
27/02/23;90089996;90449997;89610001;90099998;90099998;22724300;0,00839;0,83940
28/02/23;89540001;91449997;89519997;90300003;90300003;30546900;0,00222;0,22198
01/03/23;90160004;91199997;89849998;90510002;90510002;26323900;0,00233;0,23256
02/03/23;89860001;92480003;89769997;92309998;92309998;23328600;0,01989;1,98873
03/03/23;92739998;94110001;92660004;94019997;94019997;30242500;0,01852;1,85245
06/03/23;94360001;96300003;94300003;95580002;95580002;28288200;0,01659;1,65923
07/03/23;95419998;96089996;93844002;94169998;94169998;24101500;-0,01475;-1,47521
08/03/23;94404999;96239998;94404999;94650002;94650002;25395200;0,00510;0,50972
09/03/23;94489998;95919998;92355003;92660004;92660004;24438900;-0,02102;-2,10248
10/03/23;92500000;93180000;90800003;91010002;91010002;32850100;-0,01781;-1,78071
13/03/23;90565002;93080002;89940002;91660004;91660004;31508600;0,00714;0,71421
14/03/23;93070000;94830002;92779999;94250000;94250000;32303900;0,02826;2,82566
15/03/23;93540001;97250000;93040001;96550003;96550003;38367300;0,02440;2,44032
16/03/23;96570000;101970001;95870003;101070000;101070000;54499500;0,04682;4,68151
17/03/23;100839996;103489998;100750000;102459999;102459999;76140300;0,01375;1,37528
20/03/23;101059998;102580002;100790001;101930000;101930000;26033900;-0,00517;-0,51727
21/03/23;101980003;105959999;101860001;105839996;105839996;33122800;0,03836;3,83596
22/03/23;105139999;107510002;104209999;104220001;104220001;32336900;-0,01531;-1,53061
23/03/23;105889999;107100998;105410004;106260002;106260002;31385800;0,01957;1,95740
24/03/23;105739998;106160004;104739998;106059998;106059998;25236200;-0,00188;-0,18822
27/03/23;105320000;105400002;102629997;103059998;103059998;25393400;-0,02829;-2,82859
28/03/23;103000000;103000000;100279999;101360001;101360001;24913500;-0,01650;-1,64952
29/03/23;102720001;102820000;101029999;101900002;101900002;26148300;0,00533;0,53276
30/03/23;101440002;101610001;100290001;101320000;101320000;25009800;-0,00569;-0,56919
31/03/23;101709999;104190002;101440002;104000000;104000000;28108000;0,02645;2,64508
03/04/23;102669998;104949997;102379997;104910004;104910004;20719900;0,00875;0,87500
04/04/23;104839996;106099998;104599998;105120003;105120003;20377200;0,00200;0,20017
05/04/23;106120003;106540001;104101997;104949997;104949997;21864200;-0,00162;-0,16173
06/04/23;105769997;109629997;104815002;108900002;108900002;34684200;0,03764;3,76370
10/04/23;107389999;107970001;105599998;106949997;106949997;19741500;-0,01791;-1,79064
11/04/23;106919998;107220001;105279999;106120003;106120003;18721300;-0,00776;-0,77606
12/04/23;107389999;107586998;104970001;105220001;105220001;22761600;-0,00848;-0,84810
13/04/23;106470001;108264999;106440002;108190002;108190002;21650700;0,02823;2,82266
14/04/23;107690002;109580002;107589996;109459999;109459999;20758700;0,01174;1,17386
17/04/23;105430000;106709999;105320000;106419998;106419998;29043400;-0,02777;-2,77727
18/04/23;107000000;107050003;104779999;105120003;105120003;17641400;-0,01222;-1,22157
19/04/23;104214996;105724998;103800003;105019997;105019997;16732000;-0,00095;-0,09514
20/04/23;104650002;106888000;104639999;105900002;105900002;22515300;0,00838;0,83794
21/04/23;106089996;106639999;105485001;105910004;105910004;22379000;0,00009;0,00944
24/04/23;106050003;107320000;105360001;106779999;106779999;21410900;0,00821;0,82145
25/04/23;106610001;107440002;104559998;104610001;104610001;31408100;-0,02032;-2,03221
26/04/23;105559998;107019997;103269997;104449997;104449997;37068200;-0,00153;-0,15295
27/04/23;105230003;109150002;104419998;108370003;108370003;38235200;0,03753;3,75300
28/04/23;107800003;108290001;106040001;108220001;108220001;23957900;-0,00138;-0,13842
01/05/23;107720001;108680000;107500000;107709999;107709999;20926300;-0,00471;-0,47126
02/05/23;107660004;107730003;104500000;105980003;105980003;20343100;-0,01606;-1,60616
03/05/23;106220001;108129997;105620003;106120003;106120003;17116300;0,00132;0,13210
04/05/23;106160004;106300003;104699997;105209999;105209999;19780600;-0,00858;-0,85752
05/05/23;105320000;106440002;104738998;106214996;106214996;20705300;0,00955;0,95523
08/05/23;105794998;108419998;105790001;108239998;108239998;17266000;0,01907;1,90651
09/05/23;108779999;110595001;107724998;107940002;107940002;24782400;-0,00277;-0,27716
10/05/23;108550003;113510002;108480003;112279999;112279999;47533500;0,04021;4,02075
11/05/23;115860001;118440002;114930000;116900002;116900002;57115100;0,04115;4,11472
12/05/23;117000000;118260002;116550003;117919998;117919998;31272500;0,00873;0,87254
15/05/23;116489998;118794998;116480003;116959999;116959999;22107900;-0,00814;-0,81411
16/05/23;116830002;121199997;116830002;120089996;120089996;32370100;0,02676;2,67613
17/05/23;120180000;122279999;119459999;121480003;121480003;26659600;0,01157;1,15747
18/05/23;121559998;123900002;121489998;123519997;123519997;27014500;0,01679;1,67928
19/05/23;124199997;126478996;122720001;123250000;123250000;30251300;-0,00219;-0,21859
22/05/23;123510002;127050003;123449997;125870003;125870003;29760200;0,02126;2,12576
23/05/23;124930000;125419998;123050003;123290001;123290001;24477900;-0,02050;-2,04974
24/05/23;121879997;122750000;120750000;121639999;121639999;23087900;-0,01338;-1,33831
25/05/23;125209999;125980003;122900002;124349998;124349998;33812700;0,02228;2,22788
26/05/23;124065002;126000000;123290001;125430000;125430000;25154700;0,00869;0,86852
30/05/23;126290001;126379997;122889999;124639999;124639999;27230700;-0,00630;-0,62983
31/05/23;123699997;124900002;123099998;123370003;123370003;41548800;-0,01019;-1,01893
01/06/23;123500000;125040001;123300003;124370003;124370003;25017700;0,00811;0,81057
02/06/23;124489998;126745003;124349998;125230003;125230003;19362400;0,00691;0,69149
05/06/23;124610001;127989998;124379997;126629997;126629997;22672500;0,01118;1,11794
06/06/23;126599998;128880005;125970001;127910004;127910004;19450100;0,01011;1,01082
07/06/23;127574997;129550003;122629997;122940002;122940002;34179300;-0,03886;-3,88555
08/06/23;122584999;123730003;122010002;122669998;122669998;24815000;-0,00220;-0,21962
09/06/23;122559998;124285004;122419998;122870003;122870003;20304500;0,00163;0,16304
12/06/23;123394997;124750000;122349998;124349998;124349998;22255700;0,01205;1,20452
13/06/23;125650002;125860001;123845001;124430000;124430000;19287700;0,00064;0,06434
14/06/23;123800003;124790001;122160004;124379997;124379997;24659600;-0,00040;-0,04019
15/06/23;123879997;126160004;123139999;125790001;125790001;24517100;0,01134;1,13363
16/06/23;126699997;126699997;123790001;124059998;124059998;56686800;-0,01375;-1,37531
20/06/23;123535004;125175003;122830002;123849998;123849998;22698000;-0,00169;-0,16927
21/06/23;123235001;123410004;120860001;121260002;121260002;22612000;-0,02091;-2,09124
22/06/23;120660004;123934998;119599998;123870003;123870003;20781900;0,02152;2,15240
23/06/23;122040001;123440002;121860001;123019997;123019997;29542900;-0,00686;-0,68621
26/06/23;121466003;122720001;118989998;119089996;119089996;23185000;-0,03195;-3,19460
27/06/23;117839996;119894997;116910004;119010002;119010002;27221700;-0,00067;-0,06717
28/06/23;117959999;121269997;117599998;121080002;121080002;19753100;0,01739;1,73935
29/06/23;120089996;120910004;119209999;120010002;120010002;18517500;-0,00884;-0,88371
30/06/23;121099998;122029999;120879997;120970001;120970001;23865800;0,00800;0,79993
03/07/23;120320000;121019997;119705002;120559998;120559998;13888300;-0,00339;-0,33893
05/07/23;120059998;123370003;120059998;122629997;122629997;17830300;0,01717;1,71699
06/07/23;120639999;121150002;119250000;120930000;120930000;17732500;-0,01386;-1,38628
07/07/23;120889999;121750000;120089996;120139999;120139999;20982400;-0,00653;-0,65327
10/07/23;119070000;119070000;116639999;116870003;116870003;32960100;-0,02722;-2,72182
11/07/23;116760002;118224998;115830002;117709999;117709999;18286600;0,00719;0,71874
12/07/23;119300003;120959999;119000000;119620003;119620003;22059600;0,01623;1,62264
13/07/23;121540001;125334999;121059998;124830002;124830002;31535900;0,04355;4,35546
14/07/23;125129997;127089996;124900002;125699997;125699997;20482800;0,00697;0,69694
17/07/23;126059998;127279999;124500000;125059998;125059998;20675300;-0,00509;-0,50915
18/07/23;124904999;124989998;123300003;124080002;124080002;21071200;-0,00784;-0,78362
19/07/23;124790001;125470001;122470001;122779999;122779999;22313800;-0,01048;-1,04771
20/07/23;122120003;124699997;118684998;119529999;119529999;27541700;-0,02647;-2,64701
21/07/23;120870003;121300003;119070000;120309998;120309998;56498100;0,00653;0,65256
24/07/23;121926003;123349998;121379997;121879997;121879997;22276100;0,01305;1,30496
25/07/23;121879997;123690002;121529999;122790001;122790001;31820800;0,00747;0,74664
26/07/23;130360001;131369995;128710007;129660004;129660004;46216900;0,05595;5,59492
27/07/23;131800003;133600006;129179993;129869995;129869995;35931600;0,00162;0,16196
28/07/23;130970001;134070007;130919998;133009995;133009995;26971000;0,02418;2,41780
31/07/23;133009995;133830002;132130005;133110001;133110001;18381900;0,00075;0,07519
01/08/23;130854996;132919998;130750000;131889999;131889999;22154300;-0,00917;-0,91654
02/08/23;129839996;130419998;127849998;128639999;128639999;22705800;-0,02464;-2,46417
03/08/23;128369995;129770004;127775002;128770004;128770004;15018100;0,00101;0,10106
04/08/23;129600006;131929993;128315002;128539993;128539993;20509500;-0,00179;-0,17862
07/08/23;129509995;132059998;129429993;131940002;131940002;17621000;0,02645;2,64510
08/08/23;130979996;131940002;130130005;131839996;131839996;16836000;-0,00076;-0,07580
09/08/23;132190002;132470001;129505005;130149994;130149994;17745200;-0,01282;-1,28186
10/08/23;131970001;132647003;130035004;130210007;130210007;17855700;0,00046;0,04611
11/08/23;129201996;130440002;128750000;130169998;130169998;15191500;-0,00031;-0,03073
14/08/23;129850006;131910004;129589996;131830002;131830002;17526200;0,01275;1,27526
15/08/23;131589996;131990005;129819000;130270004;130270004;14769200;-0,01183;-1,18334
16/08/23;129279999;130897995;128460007;129110001;129110001;17548400;-0,00890;-0,89046
17/08/23;130449997;132490997;129850006;130460007;130460007;23665600;0,01046;1,04562
18/08/23;129059998;129830002;127000000;128110001;128110001;23619400;-0,01801;-1,80132
21/08/23;127849998;129259995;127160004;128929993;128929993;21851100;0,00640;0,64007
22/08/23;129130005;130949997;128925003;129690002;129690002;15569400;0,00589;0,58947
23/08/23;130850006;134070007;130509995;133210007;133210007;26497000;0,02714;2,71417
24/08/23;134727005;134970001;130300003;130419998;130419998;18680400;-0,02094;-2,09444
25/08/23;130139999;131399994;128039993;130690002;130690002;20678100;0,00207;0,20703
28/08/23;132080002;133240005;130850006;131789993;131789993;16715500;0,00842;0,84168
29/08/23;132998001;137294998;132979996;135490005;135490005;30803300;0,02808;2,80751
30/08/23;135570007;137250000;135020996;136929993;136929993;21773400;0,01063;1,06280
31/08/23;137050003;138399994;136820007;137350006;137350006;28147900;0,00307;0,30674
01/09/23;138429993;138580002;135940002;136800003;136800003;16665700;-0,00400;-0,40044
05/09/23;136440002;137369995;135559998;136710007;136710007;17730200;-0,00066;-0,06579
06/09/23;137014999;137479996;134690002;135369995;135369995;15814300;-0,00980;-0,98019
07/09/23;134600006;136580002;133960007;136199997;136199997;16976000;0,00613;0,61314
08/09/23;135869995;137514999;135869995;137199997;137199997;17810700;0,00734;0,73421
11/09/23;137380005;138264008;136550003;137740005;137740005;17180800;0,00394;0,39359
12/09/23;137130005;137639999;135929993;136070007;136070007;15212900;-0,01212;-1,21243
13/09/23;135899994;137699997;134929993;137500000;137500000;16394900;0,01051;1,05092
14/09/23;138389999;139550003;137059998;138990005;138990005;19064600;0,01084;1,08364
15/09/23;138800003;139360001;137179993;138300003;138300003;48947600;-0,00496;-0,49644
18/09/23;137630005;139929993;137630005;138960007;138960007;16233600;0,00477;0,47723
19/09/23;138250000;139175003;137500000;138830002;138830002;15479100;-0,00094;-0,09356
20/09/23;138830002;138839996;134520004;134589996;134589996;21473500;-0,03054;-3,05410
21/09/23;132389999;133190002;131089996;131360001;131360001;22042700;-0,02400;-2,39988
22/09/23;131679993;133009995;130509995;131250000;131250000;17348700;-0,00084;-0,08374